{
  "capex_pv": 15453.502599334177,
  "capex_bat": 8138.726328676377,
  "opex_expected": 2315.4893277382916,
  "total_objective": 36447.89971423136
}