{
  "capex_pv": 11327.62243959004,
  "capex_bat": 5119.89025640027,
  "opex_expected": 1663.2735600732963,
  "total_objective": 24751.68616370967
}