{
  "capex_pv": 11130.72149741587,
  "capex_bat": 4476.014636961113,
  "opex_expected": 1612.052150637262,
  "total_objective": 23015.51919586508
}