scenario,probability,demand_kWh,pv_to_load_kWh,bat_discharge_kWh,bat_charge_kWh,pv_curtail_kWh,expected_kWh_contrib
1,0.2,575.4943869222279,664.7499363008234,359.7117711225098,448.96732050110177,,115.09887738444559
2,0.2,575.4943869222279,664.2260517410331,358.00260427755455,446.7342690963591,,115.09887738444559
3,0.2,575.4943869222279,664.4671197237684,358.79177294755556,447.7645057490922,,115.09887738444559
4,0.2,575.4943869222279,664.2861092474055,358.19894017246156,446.99066249763825,,115.09887738444559
5,0.2,575.4943869222279,664.6586511566179,359.42204939460123,448.58631362898603,,115.09887738444559
