scenario,probability,demand_kWh,pv_to_load_kWh,bat_discharge_kWh,bat_charge_kWh,pv_curtail_kWh,expected_kWh_contrib
1,0.2,575.4943869222279,644.9396232337889,350.406790441491,419.8520267530381,,115.09887738444559
2,0.2,574.919265243527,644.8776992951817,352.0705889025701,422.0290229542212,,114.9838530487054
3,0.2,856.4629219185617,987.9281689868546,553.1401752029983,684.6054222712681,,171.29258438371235
4,0.2,577.2588536381337,652.0118435394008,367.799276958675,442.5522668599215,,115.45177072762675
5,0.2,861.315990354619,985.3366109269372,528.6069561047459,652.6275766770638,,172.2631980709238
